source_id,logg_gspphot,logg_gspphot_upper,logg_gspphot_lower
3421375900092772352,4.0996,4.1237,3.9425
3422425109064461184,4.17,4.208,4.1251
507587382602316544,3.5397,3.5718,3.5002
3443191237286001024,4.0373,4.055,4.0198
199846855507462144,4.1341,4.1374,4.1307
243980500632836864,2.8348,2.8471,2.8232
233997381730017280,4.3907,4.3961,4.3864
245736592502373760,3.0236,3.0434,2.9982
244296885104240640,2.4306,2.4361,2.4149
245367912508948480,4.1045,4.1162,4.0923
246834489221385728,3.2232,3.2308,3.2133
244429410613447936,2.2689,2.3697,2.2114
238389861961721856,2.4937,2.5171,2.4554
244394604198670464,2.9466,2.967,2.9173
244390996426231808,4.2588,4.2754,4.2529
443789835305905024,4.1125,4.1301,4.0888
230494715639867136,2.8064,2.8181,2.7949
246830847089160576,4.2136,4.2262,4.2036
274878942037998336,4.2601,4.2675,4.2515
247394003203661312,4.1678,4.1799,4.1567
187306272557630336,3.6799,3.6865,3.6732
188226907389191936,4.2623,4.2647,4.2524
205256525736556928,4.2934,4.2939,4.2928
202611062099973376,3.4811,3.5174,3.4467
190010353907435008,4.0987,4.1253,3.9802
191029841703291136,3.3885,3.3931,3.3815
187486528044907520,2.257,2.2799,2.2255
187037343184150272,4.2648,4.2728,4.2541
187027413219995264,2.4328,2.502,2.3726
188191826096333568,4.2506,4.2684,4.2431
90687517196198784,3.9611,3.9807,3.9473
90749673962876288,3.9861,4.002,3.9795
2804585988994281728,2.7363,2.7483,2.7244
2804508713942707456,4.5601,4.5652,4.551
401222276993270272,4.1919,4.2147,4.16
224651842128929792,4.2765,4.346,4.233
236154756682327296,3.6717,3.6778,3.666
3289308675101908992,4.021,4.0585,3.9933
3292336077288800768,4.0679,4.0708,4.064
180662301748104448,2.4045,2.4166,2.3887
3231495292857674112,4.0791,4.0928,4.0644
238448995072931968,4.1692,4.2036,4.1407
3347137184225161472,4.2614,4.2703,4.2527
3348314451941307136,3.6745,3.6939,3.638
3350511237514595712,2.5354,2.5571,2.512
3400004172891157376,3.5178,3.6224,3.4853
213872981746165120,4.2984,4.3023,4.2946
213344498907956992,4.2009,4.2283,4.1632
258054799222642048,3.847,3.89,3.786
142596010900668544,4.0809,4.0937,4.0648
142322266865054976,4.1119,4.1166,4.1079
279797847820098560,3.9045,3.955,3.881
168743153324481408,4.1026,4.1292,4.0846
3427558728854916096,3.7269,3.746,3.6837
3427377580016142080,3.9754,3.9932,3.9662
3427470767924586624,4.1437,4.1657,4.1037
175258545694995200,4.2254,4.2506,4.2087
186827302102820864,2.1017,2.1108,2.0987
199772161734568192,4.2086,4.2423,4.1686
191768060682753408,4.4817,4.5031,4.453
188695539859095168,4.2848,4.2856,4.2839
3444116343177399808,3.5317,3.5343,3.5269
3443716086587606400,4.0224,4.1196,3.9553
188594698326819072,2.7377,2.8012,2.6826
188753199799377024,3.4293,3.4569,3.3788
273650684467981440,4.6401,4.6484,4.6363
273673877291550848,2.0048,2.0479,1.9835
421535376363921408,4.0782,4.0903,4.0531
421434564892447232,1.9493,1.9506,1.9481
421694599392210688,3.0201,3.0591,3.0004
421884505666696832,3.4692,3.4708,3.4682
392577091943195392,4.3751,4.381,4.3688
246104413502721152,3.64,3.8997,3.5031
258186495801227648,3.3702,3.4186,3.3077
384101918875635328,3.7846,3.7978,3.7743
267540213018590464,3.9852,4.0266,3.9576
221406221242119168,3.1034,3.1107,3.0961
246672517414921856,4.0834,4.3374,3.8635
245141791070173824,3.9674,4.011,3.9069
245071078729367552,4.3336,4.3477,4.3172
232242939131027840,4.0886,4.1267,3.9509
232028500004568576,4.0954,4.111,4.0566
212549208404418688,2.3627,2.3707,2.3554
170619057603154944,2.5329,2.621,2.4262
170551849952950016,3.7404,3.7961,3.7166
3403417297503151232,4.667,4.6706,4.6626
67512457784646144,4.2093,4.2179,4.2
447111322494603520,4.0598,4.0648,4.0548
3334330583882132096,3.8032,3.822,3.787
3337495321945609984,3.9529,3.9717,3.9425
3237625963535546368,3.8995,3.9133,3.8852
3443456533121231616,4.2862,4.2988,4.2719
186983845071869952,1.8543,1.8595,1.8412
163316548045571328,4.2834,4.2881,4.2786
283831681102863488,4.0471,4.0608,4.0392
283731041429647360,3.8065,3.8783,3.7773
263968724372345856,3.562,3.571,3.5556
403206242646610688,4.1015,4.1176,4.0746
404219816272132224,4.4539,4.4656,4.4462
404781121255757824,3.9237,3.9554,3.9004
404549738479763200,4.1807,4.2031,4.1588
2550610210411323648,4.6343,4.6393,4.6266
410684983301383808,4.1417,4.1516,4.0982
447054216609787264,4.3296,4.3478,4.2912
210805108083143296,4.0334,4.0625,4.0161
3395055305413987328,2.7628,2.8134,2.5894
3213946228284610176,3.9545,3.9641,3.9446
435886786245141504,4.03,4.0398,4.0202
435432516141525376,4.0886,4.1003,4.0794
257217486758701696,3.3228,3.3678,3.2983
344044373813114240,3.8343,3.8858,3.8129
169591014230058240,4.1303,4.1661,3.8492
256831077140471552,3.9405,3.9508,3.9233
190879547908977408,3.8084,3.8209,3.798
355607211751426560,3.9575,3.9746,3.9406
358885096432674688,3.9313,3.9632,3.8975
359536488353554304,4.2734,4.2763,4.2708
359528791772166528,2.974,2.9782,2.9641
456085738258929536,4.2365,4.2503,4.2201
407753204265230080,4.0959,4.1639,3.9005
213114563539459840,3.9908,4.0036,3.9757
215662990972696960,3.2918,3.2999,3.2809
254612056518986112,4.1295,4.1428,4.1032
274950066697380864,4.4361,4.4773,4.4187
251875715675349120,4.2307,4.2482,4.2199
251913511387932672,4.1761,4.1942,4.1608
273616664029185536,2.8636,2.881,2.8431
273609414122930944,1.4749,1.5688,1.2817
316204666381672448,4.41,4.4138,4.4049
249921127592893824,3.8652,3.8729,3.8567
249921127592893824,3.8652,3.8729,3.8567
249597630660463104,4.1213,4.1578,4.0867
249597630660463104,4.1213,4.1578,4.0867
250094644276114816,4.4118,4.4199,4.4048
443762965990465920,4.0711,4.0738,4.067
443762965990465920,4.0711,4.0738,4.067
270670973598716032,4.0325,4.0714,3.9692
2808670223719757312,2.922,3.0141,2.868
408362501208573184,3.1083,3.1113,3.1053
504429894444111744,3.7466,3.7578,3.7314
456158031150485120,4.1114,4.1167,4.1034
456251803174829056,4.1407,4.1716,3.9386
408436791261346304,4.252,4.2578,4.2432
408501177112050560,4.169,4.1971,4.1331
456822243555584256,3.762,3.7733,3.7505
456973838721898752,4.1728,4.206,4.0386
409441195135132672,1.6601,1.6633,1.603
3262517841635204608,4.7939,4.8133,4.7715
441995432329279232,4.1401,4.1578,4.1358
442755538461108736,3.7543,3.7734,3.7468
3396691383014277632,4.107,4.1308,3.9932
3399408860361843840,4.355,4.3614,4.3485
3400946248198487040,4.1498,4.1555,4.1431
239505694463734400,4.1577,4.1792,4.1272
255809699557964672,4.1479,4.1882,4.1172
254972696332114944,4.3408,4.3589,4.3261
256027677738509056,4.246,4.2707,4.045
260523580784961152,4.0599,4.0759,4.0248
3442479681462756352,3.792,3.798,3.7727
3429480155486301440,4.2397,4.2511,4.2279
248687441191749888,4.1832,4.194,4.1725
249856153332327680,3.7213,3.7283,3.706
249921127592893824,3.8652,3.8729,3.8567
249921127592893824,3.8652,3.8729,3.8567
251390693608393216,1.9711,1.9919,1.9448
249597630660463104,4.1213,4.1578,4.0867
249597630660463104,4.1213,4.1578,4.0867
250459132380264448,3.9742,4.0222,3.9338
251579843967952256,2.9121,2.9212,2.9013
443762965990465920,4.0711,4.0738,4.067
443762965990465920,4.0711,4.0738,4.067
443731148872856448,4.2387,4.2478,4.2222
273927520880405888,3.2102,3.2509,3.1629
273937897521473280,3.8177,3.8359,3.7993
273530768980971008,4.1316,4.1364,4.1276
3409332433837566848,4.3332,4.3414,4.2958
3340249602869689984,4.2778,4.2985,4.1848
3339936310774916736,4.2693,4.2799,4.2593
3428469914757069056,2.0724,2.0916,2.0353
3428766439298968960,4.0769,4.1022,4.0388
366264228203949696,3.5637,3.575,3.5535
417563386310193408,4.1344,4.1559,4.1139
424074217433153792,4.281,4.2815,4.2805
425810621172549504,4.2172,4.2435,4.2045
425911153463366400,4.2254,4.2345,4.2184
239165911010096512,3.9399,3.9489,3.9315
243032068774824576,2.7485,2.7638,2.7232
436135516384426112,3.7742,3.7819,3.7632
271574875235602176,4.3145,4.3195,4.3099
258765835349270400,3.6732,3.8198,3.5939
446913272961761792,4.3105,4.3144,4.3066
447649361636827648,3.7743,3.788,3.7577
3319517039815487488,4.1154,4.1594,4.0641
3398414107280163840,4.0127,4.0658,3.9807
3399123811973088896,4.3211,4.326,4.3165
3399461705639054592,2.4763,2.4996,2.4305
3402738555229853696,3.6674,3.6901,3.6461
3399649344169929216,4.0152,4.0484,3.9683
3399687998877043840,3.9489,3.954,3.9443
3399656490996755584,4.2181,4.2548,4.1539
3402894857682644224,4.1462,4.1692,4.1239
466595802411806976,4.1394,4.1495,4.1279
491022930691802752,3.7622,3.763,3.7069
468274550507470336,3.9307,3.9431,3.9146
389784366768116352,4.0408,4.0761,3.8965
377737705056539648,4.0477,4.0559,4.0395
2556130171099445760,4.5254,4.5347,4.522
441302465125775104,4.5231,4.5275,4.519
446134990527308672,3.7655,3.8082,3.7468
453695404279766144,2.7209,2.728,2.7141
3415961801758741120,4.0765,4.1082,4.0454
3319706980449461760,3.946,3.9511,3.9411
440737350510599936,2.4551,2.4688,2.4258
451246894962340992,4.0042,4.029,4.0005
440850359689110784,3.5498,3.5661,3.5306
451331522997708160,2.9245,2.9487,2.9067
3288215966701626880,4.5202,4.5226,4.5171
65858100803946880,2.9615,2.968,2.9545
65858100803946880,2.9615,2.968,2.9545
3223798054331214848,3.8783,3.9044,3.8493
3237018483360935936,4.0077,4.0307,3.97
3236127741503852544,4.275,4.3154,4.2608
66429095235642880,4.0793,4.0885,4.0698
66429095235642880,4.0793,4.0885,4.0698
67065918624695808,3.8768,3.9336,3.8246
65858100803946880,2.9615,2.968,2.9545
65858100803946880,2.9615,2.968,2.9545
65755816160672896,3.0377,3.0409,3.0314
65755816160672896,3.0377,3.0409,3.0314
66429095235642880,4.0793,4.0885,4.0698
66429095235642880,4.0793,4.0885,4.0698
65755816160672896,3.0377,3.0409,3.0314
65755816160672896,3.0377,3.0409,3.0314
236479701025974144,4.0579,4.0644,4.0546
3403212414679584256,4.321,4.3256,4.3144
3411603165867005568,4.0682,4.0713,4.0651
3411992835364907264,4.044,4.0663,4.0215
3413536588344534144,3.9938,4.0192,3.9654
3444039544866394112,4.01,4.0215,3.9966
731913936781506816,4.1042,4.14,4.0826
3158215827870080128,4.0797,4.0926,4.0475
3351386831026078720,3.5371,3.6953,3.5186
3127724897261010688,2.8566,2.8644,2.8492
958976522576778240,4.1436,4.161,4.1271
958958621153390336,4.3002,4.3048,4.2959
964286918923684992,4.0489,4.1213,4.022
2080258411869318784,4.0884,4.095,4.0823
2051009100467816832,4.2143,4.2457,4.1931
2052878476392866432,4.4222,4.4264,4.413
2051852460247410048,2.5804,2.6677,2.5168
2052721555469759744,3.8691,3.8997,3.8379
2051280233162153856,2.8288,2.852,2.8091
2101521420562169472,3.7575,3.7644,3.7541
2073702814315139328,4.1457,4.1534,4.1373
1596886226680643328,3.8807,3.8856,3.8768
3839393689642210816,4.351,4.3581,4.3433
3353920788712391296,4.03,4.045,4.0126
3354102036334501632,4.5659,4.5752,4.5537
3069614127180337408,4.1467,4.1504,4.1431
3069614127180337408,4.1467,4.1504,4.1431
3043003403170176256,2.3053,2.5771,2.1824
3067448913911165056,3.8773,3.8781,3.877
3088408796693423104,4.3828,4.3857,4.3797
856967063566624768,4.0667,4.0749,4.0589
666748803183884032,4.322,4.3482,4.2977
3095249275143491072,3.3132,3.321,3.3028
3073511346144081408,4.3898,4.3984,4.3555
866673719719027200,4.392,4.4006,4.3835
866664408229934464,4.2954,4.3111,4.2876
3740028148076776064,4.633,4.6392,4.6266
792594025014531712,4.2725,4.2772,4.2644
1563575495421445248,2.898,2.9099,2.8874
853755596259550720,4.5686,4.5782,4.4562
2128854798591003520,4.1843,4.1871,4.1814
2086552634904294272,4.2481,4.2526,4.2437
2086939972233921024,4.1144,4.1521,4.0508
2078984284053851520,4.1567,4.1644,4.1489
2078688171831562240,4.1723,4.1862,4.1563
2076141874700637568,3.1917,3.2071,3.1773
2079164844478822400,3.9868,3.9896,3.9838
2078984662011004928,3.7333,3.739,3.7239
2078686969240726912,4.0755,4.0825,4.0674
2082255571665609856,3.9438,3.9519,3.9361
2082473996525637504,4.0864,4.0919,4.0809
2073689276577590912,4.2741,4.2886,4.262
2073689276577590912,4.2741,4.2886,4.262
2075382249608572544,4.315,4.3279,4.303
3424596193555690240,1.6592,2.1135,1.5066
2078689065184659840,2.7973,2.8613,2.7655
1801136012079571840,3.7959,3.8904,3.7782
1849262151423830784,1.9396,1.951,1.9277
1849582727783041280,4.0928,4.135,4.0289
1967072760763286272,4.0381,4.0798,3.979
1967058295313735808,3.8944,3.9029,3.8888
3452524029419534720,4.1303,4.1427,4.1176
869376078782073600,2.5788,2.6668,2.4774
1931141442314999168,4.1144,4.1231,4.1052
3069614127180337408,4.1467,4.1504,4.1431
3069614127180337408,4.1467,4.1504,4.1431
3070827953658741120,2.0495,2.0554,2.0389
978030711192354048,3.9472,3.9548,3.9394
3344289895784662272,3.3766,3.3872,3.3639
3345332164089664512,4.301,4.3075,4.2934
3345145208454877824,4.0034,4.0222,3.9445
3453191059316681344,3.0953,3.4587,2.9384
942722850203918720,2.7977,2.8317,2.7722
3145929992314961664,4.0271,4.0422,4.0147
3375522485645705472,4.1731,4.2352,4.1267
3371304174925694848,3.8378,3.8443,3.8306
4531088728043508608,4.1885,4.2186,4.1407
2127623689164849280,4.2207,4.2283,4.2143
2131000529891233920,4.0811,4.0953,4.0713
2073702054092538112,3.8843,3.9107,3.8744
2073626192096520960,3.8912,3.9149,3.8737
2073473772308047360,3.7793,3.8076,3.7574
2076373906014830208,3.8106,3.8344,3.7163
2073689276577590912,4.2741,4.2886,4.262
2073689276577590912,4.2741,4.2886,4.262
2078639484081442432,4.2082,4.218,4.1993
2078856809422854144,4.2769,4.2987,4.2184
2075575248259215616,4.0934,4.1464,4.0284
4493173924975781632,4.6274,4.6334,4.6214
2103220990657662080,4.4099,4.4136,4.4042
2099379881147883136,3.8787,3.8875,3.8689
2101224414982209152,4.002,4.0246,3.9929
2078752665057306752,1.5778,1.6093,1.5482
2067811837156779648,3.5509,3.6605,3.4317
1994986028097517312,4.1744,4.2136,4.1234
2009772741506418432,2.862,2.8849,2.8432
2013311618453181184,4.2792,4.2871,4.2663
817374023511240960,4.152,4.1576,4.1476
597059385391141120,3.164,3.1654,3.1624
4440955162834974208,4.2563,4.2609,4.2518
1362316179789651456,4.5459,4.5482,4.5432
4490294991216506624,4.4372,4.4438,4.4319
4376963547442640128,4.2208,4.2622,4.0994
2133328436523846656,3.9075,3.9239,3.8926
2126047882845454464,3.9061,3.9121,3.9037
2126629348394963456,4.0841,4.1243,4.0187
2083822375738594304,3.2858,3.3021,3.2679
2084785857158407040,3.0661,3.0792,3.0498
2106710737484424704,2.4764,2.4959,2.4355
2128127334210719616,0.8385,0.8492,0.8155
2130870989378340480,3.8892,3.9195,3.8777
2131057635775184512,2.8765,2.9053,2.8356
2129327348072084480,4.2069,4.2109,4.203
2076093148282520960,3.9567,3.9966,3.9078
2076093049511776512,4.2092,4.2313,4.1951
2080347158770362240,4.3135,4.3192,4.3075
2080257724674853376,4.2777,4.2829,4.2728
2073534863921029120,0.4414,0.4484,0.4393
2073535482396288512,3.723,3.7338,3.7077
2076372325466851456,2.0633,2.0933,1.9243
2101655423541177088,3.9782,4.0311,3.9564
2099749042175932672,3.7565,3.7884,3.7411
3122605158801920512,4.1535,4.1662,4.1416
1740846589776986880,4.0423,4.0519,4.0331
2701991624158898304,4.0932,4.1021,4.0827
1740834980479746560,4.1913,4.2137,4.1842
969707133292545152,3.3887,3.4117,3.3619
972655134420652416,4.0653,4.0712,4.0596
3021722596131964416,4.1282,4.1735,4.1079
3125607066066299264,4.1277,4.1418,4.1053
2009520433643380864,3.9956,4.0739,3.814
2009072249517518336,4.0921,4.1247,4.0697
3376708991831842432,3.7495,3.7818,3.6855
3424679726376834304,3.8691,3.9203,3.8362
3434509016731531904,4.3621,4.3665,4.3572
3066754228716902656,4.001,4.0034,4.0002
3425033734762839168,3.4214,3.435,3.4032
3370910339307241728,4.1846,4.1903,4.1791
588187941462272768,4.2557,4.2629,4.2468
1295251536772094464,3.1526,3.1779,3.146
1296047548831206144,4.5307,4.5374,4.5237
1245270005915995008,4.5019,4.505,4.4994
1399050584098625024,3.3057,3.3306,3.276
3369124942879839232,4.0792,4.1051,4.0546
3370776890381660416,2.1663,2.1744,2.1089
3375172012015098624,4.0297,4.0365,4.0177
3375240697132089728,4.0213,4.0275,4.0151
3371219409450521472,4.4654,4.4744,4.4566
652411583874952576,4.4666,4.4713,4.4563
4381390529149219840,3.2293,3.2479,3.134
3354577201455615104,3.9108,3.9248,3.8972
4553672318910219392,4.2839,4.2898,4.2781
4474729613121029504,2.413,2.4361,2.391
3838710549325041408,4.5553,4.5871,4.5371
2097809091346619136,4.3958,4.4229,4.3862
4370872944521558272,4.1412,4.1538,4.129
4372859143552945920,4.0424,4.0494,4.0346
2103871695383814272,3.8742,3.8907,3.8587
4558235871983408896,4.3415,4.3488,4.3233
2086943580005613952,3.9003,3.9467,3.8798
2089339553280447360,3.5887,3.5906,3.5857
2025041964416345728,3.8853,3.8951,3.8588
2032833967148104192,4.1404,4.155,4.1271
2032079530392602112,4.275,4.2793,4.2696
1834509041857516288,3.604,3.6183,3.586
2026836887096115072,4.422,4.426,4.4168
2036574402591699840,2.6907,2.6942,2.6824
2025288220656296960,4.2202,4.242,4.2095
2028167188783339648,3.774,3.8177,3.76
2031787953645416704,3.3612,3.4935,3.3538
1758956718812702336,4.2489,4.2614,4.2359
1760805100937879424,4.5864,4.6023,4.5803
2039463678624205440,4.3381,4.368,4.3067
2033566241884486912,4.1047,4.2873,4.0291
1790422091602858624,3.379,3.4029,3.3648
1867530812004542720,3.9924,4.0343,3.9463
1964421357190827520,4.2004,4.2068,4.1944
1953839897802740096,3.5343,3.583,3.4767
1858180049731891584,4.0901,4.1034,4.0822
1858521138853841024,4.0302,4.062,3.9855
1865639583287863424,3.9263,3.9798,3.8543
3375332716809805952,3.7372,3.7643,3.7169
3375332716809805952,3.7372,3.7643,3.7169
3375332716809805952,3.7372,3.7643,3.7169
3375332716809805952,3.7372,3.7643,3.7169
3375332716809805952,3.7372,3.7643,3.7169
3375332716809805952,3.7372,3.7643,3.7169
3375332716809805952,3.7372,3.7643,3.7169
3375332716809805952,3.7372,3.7643,3.7169
3375332716809805952,3.7372,3.7643,3.7169
3423625054207479424,2.1215,2.1942,2.0518
3423625054207479424,2.1215,2.1942,2.0518
3423625054207479424,2.1215,2.1942,2.0518
3423625054207479424,2.1215,2.1942,2.0518
3426597824414830080,4.3858,4.3959,4.3507
3426597824414830080,4.3858,4.3959,4.3507
3426597824414830080,4.3858,4.3959,4.3507
3426597824414830080,4.3858,4.3959,4.3507
3426597824414830080,4.3858,4.3959,4.3507
3426597824414830080,4.3858,4.3959,4.3507
3426597824414830080,4.3858,4.3959,4.3507
3426597824414830080,4.3858,4.3959,4.3507
3426597824414830080,4.3858,4.3959,4.3507
3426597824414830080,4.3858,4.3959,4.3507
3426597824414830080,4.3858,4.3959,4.3507
3426597824414830080,4.3858,4.3959,4.3507
3426597824414830080,4.3858,4.3959,4.3507
3426597824414830080,4.3858,4.3959,4.3507
3375332716809805952,3.7372,3.7643,3.7169
3375332716809805952,3.7372,3.7643,3.7169
3375332716809805952,3.7372,3.7643,3.7169
3375332716809805952,3.7372,3.7643,3.7169
3375332716809805952,3.7372,3.7643,3.7169
3375332716809805952,3.7372,3.7643,3.7169
3375332716809805952,3.7372,3.7643,3.7169
3375332716809805952,3.7372,3.7643,3.7169
3375332716809805952,3.7372,3.7643,3.7169
3423624809393510912,2.383,2.4315,2.3544
3423624809393510912,2.383,2.4315,2.3544
3423624809393510912,2.383,2.4315,2.3544
3423624809393510912,2.383,2.4315,2.3544
3423624809393510912,2.383,2.4315,2.3544
3423624809393510912,2.383,2.4315,2.3544
3423624809393510912,2.383,2.4315,2.3544
3423624809393510912,2.383,2.4315,2.3544
3423624809393510912,2.383,2.4315,2.3544
3423624809393510912,2.383,2.4315,2.3544
3423624809393510912,2.383,2.4315,2.3544
3423624809393510912,2.383,2.4315,2.3544
3423624809393510912,2.383,2.4315,2.3544
3423624809393510912,2.383,2.4315,2.3544
3423625054207479424,2.1215,2.1942,2.0518
3423625054207479424,2.1215,2.1942,2.0518
3423625054207479424,2.1215,2.1942,2.0518
3423625054207479424,2.1215,2.1942,2.0518
3426118540422838272,3.412,3.4268,3.3893
3426118540422838272,3.412,3.4268,3.3893
3426118540422838272,3.412,3.4268,3.3893
3426118540422838272,3.412,3.4268,3.3893
3377123237136129024,3.4812,3.5742,3.2753
3377123237136129024,3.4812,3.5742,3.2753
3377123237136129024,3.4812,3.5742,3.2753
3377123237136129024,3.4812,3.5742,3.2753
3377123237136129024,3.4812,3.5742,3.2753
3377123237136129024,3.4812,3.5742,3.2753
3377123237136129024,3.4812,3.5742,3.2753
3377123237136129024,3.4812,3.5742,3.2753
3377123237136129024,3.4812,3.5742,3.2753
3377123237136129024,3.4812,3.5742,3.2753
3425916638302885632,4.1011,4.1485,3.8222
3425916638302885632,4.1011,4.1485,3.8222
3425916638302885632,4.1011,4.1485,3.8222
3426597824414830080,4.3858,4.3959,4.3507
3426597824414830080,4.3858,4.3959,4.3507
3426597824414830080,4.3858,4.3959,4.3507
3426597824414830080,4.3858,4.3959,4.3507
3426597824414830080,4.3858,4.3959,4.3507
3426597824414830080,4.3858,4.3959,4.3507
3426597824414830080,4.3858,4.3959,4.3507
3426597824414830080,4.3858,4.3959,4.3507
3426597824414830080,4.3858,4.3959,4.3507
3426597824414830080,4.3858,4.3959,4.3507
3426597824414830080,4.3858,4.3959,4.3507
3426597824414830080,4.3858,4.3959,4.3507
3426597824414830080,4.3858,4.3959,4.3507
3426597824414830080,4.3858,4.3959,4.3507
3879286484054430080,4.1349,4.1428,4.1273
3375332716809805952,3.7372,3.7643,3.7169
3375332716809805952,3.7372,3.7643,3.7169
3375332716809805952,3.7372,3.7643,3.7169
3375332716809805952,3.7372,3.7643,3.7169
3375332716809805952,3.7372,3.7643,3.7169
3375332716809805952,3.7372,3.7643,3.7169
3375332716809805952,3.7372,3.7643,3.7169
3375332716809805952,3.7372,3.7643,3.7169
3375332716809805952,3.7372,3.7643,3.7169
3375318869835308928,3.5428,3.5821,3.4999
3375318869835308928,3.5428,3.5821,3.4999
3375318869835308928,3.5428,3.5821,3.4999
3375318869835308928,3.5428,3.5821,3.4999
3375318869835308928,3.5428,3.5821,3.4999
3375318869835308928,3.5428,3.5821,3.4999
3423624809393510912,2.383,2.4315,2.3544
3423624809393510912,2.383,2.4315,2.3544
3423624809393510912,2.383,2.4315,2.3544
3423624809393510912,2.383,2.4315,2.3544
3423624809393510912,2.383,2.4315,2.3544
3423624809393510912,2.383,2.4315,2.3544
3423624809393510912,2.383,2.4315,2.3544
3423624809393510912,2.383,2.4315,2.3544
3423624809393510912,2.383,2.4315,2.3544
3423624809393510912,2.383,2.4315,2.3544
3423624809393510912,2.383,2.4315,2.3544
3423624809393510912,2.383,2.4315,2.3544
3423624809393510912,2.383,2.4315,2.3544
3423624809393510912,2.383,2.4315,2.3544
3426118540422838272,3.412,3.4268,3.3893
3426118540422838272,3.412,3.4268,3.3893
3426118540422838272,3.412,3.4268,3.3893
3426118540422838272,3.412,3.4268,3.3893
3377123237136129024,3.4812,3.5742,3.2753
3377123237136129024,3.4812,3.5742,3.2753
3377123237136129024,3.4812,3.5742,3.2753
3377123237136129024,3.4812,3.5742,3.2753
3377123237136129024,3.4812,3.5742,3.2753
3377123237136129024,3.4812,3.5742,3.2753
3377123237136129024,3.4812,3.5742,3.2753
3377123237136129024,3.4812,3.5742,3.2753
3377123237136129024,3.4812,3.5742,3.2753
3377123237136129024,3.4812,3.5742,3.2753
3426597824414830080,4.3858,4.3959,4.3507
3426597824414830080,4.3858,4.3959,4.3507
3426597824414830080,4.3858,4.3959,4.3507
3426597824414830080,4.3858,4.3959,4.3507
3426597824414830080,4.3858,4.3959,4.3507
3426597824414830080,4.3858,4.3959,4.3507
3426597824414830080,4.3858,4.3959,4.3507
3426597824414830080,4.3858,4.3959,4.3507
3426597824414830080,4.3858,4.3959,4.3507
3426597824414830080,4.3858,4.3959,4.3507
3426597824414830080,4.3858,4.3959,4.3507
3426597824414830080,4.3858,4.3959,4.3507
3426597824414830080,4.3858,4.3959,4.3507
3426597824414830080,4.3858,4.3959,4.3507
3375332716809805952,3.7372,3.7643,3.7169
3375332716809805952,3.7372,3.7643,3.7169
3375332716809805952,3.7372,3.7643,3.7169
3375332716809805952,3.7372,3.7643,3.7169
3375332716809805952,3.7372,3.7643,3.7169
3375332716809805952,3.7372,3.7643,3.7169
3375332716809805952,3.7372,3.7643,3.7169
3375332716809805952,3.7372,3.7643,3.7169
3375332716809805952,3.7372,3.7643,3.7169
3375318869835308928,3.5428,3.5821,3.4999
3375318869835308928,3.5428,3.5821,3.4999
3375318869835308928,3.5428,3.5821,3.4999
3375318869835308928,3.5428,3.5821,3.4999
3375318869835308928,3.5428,3.5821,3.4999
3375318869835308928,3.5428,3.5821,3.4999
3423624809393510912,2.383,2.4315,2.3544
3423624809393510912,2.383,2.4315,2.3544
3423624809393510912,2.383,2.4315,2.3544
3423624809393510912,2.383,2.4315,2.3544
3423624809393510912,2.383,2.4315,2.3544
3423624809393510912,2.383,2.4315,2.3544
3423624809393510912,2.383,2.4315,2.3544
3423624809393510912,2.383,2.4315,2.3544
3423624809393510912,2.383,2.4315,2.3544
3423624809393510912,2.383,2.4315,2.3544
3423624809393510912,2.383,2.4315,2.3544
3423624809393510912,2.383,2.4315,2.3544
3423624809393510912,2.383,2.4315,2.3544
3423624809393510912,2.383,2.4315,2.3544
3423625054207479424,2.1215,2.1942,2.0518
3423625054207479424,2.1215,2.1942,2.0518
3423625054207479424,2.1215,2.1942,2.0518
3423625054207479424,2.1215,2.1942,2.0518
3376977929802701440,3.8268,3.8586,3.7754
3376977929802701440,3.8268,3.8586,3.7754
3376977929802701440,3.8268,3.8586,3.7754
3376977929802701440,3.8268,3.8586,3.7754
3377123237136129024,3.4812,3.5742,3.2753
3377123237136129024,3.4812,3.5742,3.2753
3377123237136129024,3.4812,3.5742,3.2753
3377123237136129024,3.4812,3.5742,3.2753
3377123237136129024,3.4812,3.5742,3.2753
3377123237136129024,3.4812,3.5742,3.2753
3377123237136129024,3.4812,3.5742,3.2753
3377123237136129024,3.4812,3.5742,3.2753
3377123237136129024,3.4812,3.5742,3.2753
3377123237136129024,3.4812,3.5742,3.2753
3425916638302885632,4.1011,4.1485,3.8222
3425916638302885632,4.1011,4.1485,3.8222
3425916638302885632,4.1011,4.1485,3.8222
3426597824414830080,4.3858,4.3959,4.3507
3426597824414830080,4.3858,4.3959,4.3507
3426597824414830080,4.3858,4.3959,4.3507
3426597824414830080,4.3858,4.3959,4.3507
3426597824414830080,4.3858,4.3959,4.3507
3426597824414830080,4.3858,4.3959,4.3507
3426597824414830080,4.3858,4.3959,4.3507
3426597824414830080,4.3858,4.3959,4.3507
3426597824414830080,4.3858,4.3959,4.3507
3426597824414830080,4.3858,4.3959,4.3507
3426597824414830080,4.3858,4.3959,4.3507
3426597824414830080,4.3858,4.3959,4.3507
3426597824414830080,4.3858,4.3959,4.3507
3426597824414830080,4.3858,4.3959,4.3507
3375332716809805952,3.7372,3.7643,3.7169
3375332716809805952,3.7372,3.7643,3.7169
3375332716809805952,3.7372,3.7643,3.7169
3375332716809805952,3.7372,3.7643,3.7169
3375332716809805952,3.7372,3.7643,3.7169
3375332716809805952,3.7372,3.7643,3.7169
3375332716809805952,3.7372,3.7643,3.7169
3375332716809805952,3.7372,3.7643,3.7169
3375332716809805952,3.7372,3.7643,3.7169
3375335873607711744,2.0907,2.2478,1.8708
3423624809393510912,2.383,2.4315,2.3544
3423624809393510912,2.383,2.4315,2.3544
3423624809393510912,2.383,2.4315,2.3544
3423624809393510912,2.383,2.4315,2.3544
3423624809393510912,2.383,2.4315,2.3544
3423624809393510912,2.383,2.4315,2.3544
3423624809393510912,2.383,2.4315,2.3544
3423624809393510912,2.383,2.4315,2.3544
3423624809393510912,2.383,2.4315,2.3544
3423624809393510912,2.383,2.4315,2.3544
3423624809393510912,2.383,2.4315,2.3544
3423624809393510912,2.383,2.4315,2.3544
3423624809393510912,2.383,2.4315,2.3544
3423624809393510912,2.383,2.4315,2.3544
3423625054207479424,2.1215,2.1942,2.0518
3423625054207479424,2.1215,2.1942,2.0518
3423625054207479424,2.1215,2.1942,2.0518
3423625054207479424,2.1215,2.1942,2.0518
3376977929802701440,3.8268,3.8586,3.7754
3376977929802701440,3.8268,3.8586,3.7754
3376977929802701440,3.8268,3.8586,3.7754
3376977929802701440,3.8268,3.8586,3.7754
3377123237136129024,3.4812,3.5742,3.2753
3377123237136129024,3.4812,3.5742,3.2753
3377123237136129024,3.4812,3.5742,3.2753
3377123237136129024,3.4812,3.5742,3.2753
3377123237136129024,3.4812,3.5742,3.2753
3377123237136129024,3.4812,3.5742,3.2753
3377123237136129024,3.4812,3.5742,3.2753
3377123237136129024,3.4812,3.5742,3.2753
3377123237136129024,3.4812,3.5742,3.2753
3377123237136129024,3.4812,3.5742,3.2753
3424667459950023936,3.5222,3.6087,3.3288
3425916638302885632,4.1011,4.1485,3.8222
3425916638302885632,4.1011,4.1485,3.8222
3425916638302885632,4.1011,4.1485,3.8222
3426597824414830080,4.3858,4.3959,4.3507
3426597824414830080,4.3858,4.3959,4.3507
3426597824414830080,4.3858,4.3959,4.3507
3426597824414830080,4.3858,4.3959,4.3507
3426597824414830080,4.3858,4.3959,4.3507
3426597824414830080,4.3858,4.3959,4.3507
3426597824414830080,4.3858,4.3959,4.3507
3426597824414830080,4.3858,4.3959,4.3507
3426597824414830080,4.3858,4.3959,4.3507
3426597824414830080,4.3858,4.3959,4.3507
3426597824414830080,4.3858,4.3959,4.3507
3426597824414830080,4.3858,4.3959,4.3507
3426597824414830080,4.3858,4.3959,4.3507
3426597824414830080,4.3858,4.3959,4.3507
3375332716809805952,3.7372,3.7643,3.7169
3375332716809805952,3.7372,3.7643,3.7169
3375332716809805952,3.7372,3.7643,3.7169
3375332716809805952,3.7372,3.7643,3.7169
3375332716809805952,3.7372,3.7643,3.7169
3375332716809805952,3.7372,3.7643,3.7169
3375332716809805952,3.7372,3.7643,3.7169
3375332716809805952,3.7372,3.7643,3.7169
3375332716809805952,3.7372,3.7643,3.7169
3375318869835308928,3.5428,3.5821,3.4999
3375318869835308928,3.5428,3.5821,3.4999
3375318869835308928,3.5428,3.5821,3.4999
3375318869835308928,3.5428,3.5821,3.4999
3375318869835308928,3.5428,3.5821,3.4999
3375318869835308928,3.5428,3.5821,3.4999
3423624809393510912,2.383,2.4315,2.3544
3423624809393510912,2.383,2.4315,2.3544
3423624809393510912,2.383,2.4315,2.3544
3423624809393510912,2.383,2.4315,2.3544
3423624809393510912,2.383,2.4315,2.3544
3423624809393510912,2.383,2.4315,2.3544
3423624809393510912,2.383,2.4315,2.3544
3423624809393510912,2.383,2.4315,2.3544
3423624809393510912,2.383,2.4315,2.3544
3423624809393510912,2.383,2.4315,2.3544
3423624809393510912,2.383,2.4315,2.3544
3423624809393510912,2.383,2.4315,2.3544
3423624809393510912,2.383,2.4315,2.3544
3423624809393510912,2.383,2.4315,2.3544
3426118540422838272,3.412,3.4268,3.3893
3426118540422838272,3.412,3.4268,3.3893
3426118540422838272,3.412,3.4268,3.3893
3426118540422838272,3.412,3.4268,3.3893
3377567027517095936,3.5659,3.5766,3.5473
3377567027517095936,3.5659,3.5766,3.5473
3377567027517095936,3.5659,3.5766,3.5473
3426597824414830080,4.3858,4.3959,4.3507
3426597824414830080,4.3858,4.3959,4.3507
3426597824414830080,4.3858,4.3959,4.3507
3426597824414830080,4.3858,4.3959,4.3507
3426597824414830080,4.3858,4.3959,4.3507
3426597824414830080,4.3858,4.3959,4.3507
3426597824414830080,4.3858,4.3959,4.3507
3426597824414830080,4.3858,4.3959,4.3507
3426597824414830080,4.3858,4.3959,4.3507
3426597824414830080,4.3858,4.3959,4.3507
3426597824414830080,4.3858,4.3959,4.3507
3426597824414830080,4.3858,4.3959,4.3507
3426597824414830080,4.3858,4.3959,4.3507
3426597824414830080,4.3858,4.3959,4.3507
3375332716809805952,3.7372,3.7643,3.7169
3375332716809805952,3.7372,3.7643,3.7169
3375332716809805952,3.7372,3.7643,3.7169
3375332716809805952,3.7372,3.7643,3.7169
3375332716809805952,3.7372,3.7643,3.7169
3375332716809805952,3.7372,3.7643,3.7169
3375332716809805952,3.7372,3.7643,3.7169
3375332716809805952,3.7372,3.7643,3.7169
3375332716809805952,3.7372,3.7643,3.7169
3375318869835308928,3.5428,3.5821,3.4999
3375318869835308928,3.5428,3.5821,3.4999
3375318869835308928,3.5428,3.5821,3.4999
3375318869835308928,3.5428,3.5821,3.4999
3375318869835308928,3.5428,3.5821,3.4999
3375318869835308928,3.5428,3.5821,3.4999
3423624809393510912,2.383,2.4315,2.3544
3423624809393510912,2.383,2.4315,2.3544
3423624809393510912,2.383,2.4315,2.3544
3423624809393510912,2.383,2.4315,2.3544
3423624809393510912,2.383,2.4315,2.3544
3423624809393510912,2.383,2.4315,2.3544
3423624809393510912,2.383,2.4315,2.3544
3423624809393510912,2.383,2.4315,2.3544
3423624809393510912,2.383,2.4315,2.3544
3423624809393510912,2.383,2.4315,2.3544
3423624809393510912,2.383,2.4315,2.3544
3423624809393510912,2.383,2.4315,2.3544
3423624809393510912,2.383,2.4315,2.3544
3423624809393510912,2.383,2.4315,2.3544
3376869834066408960,4.2092,4.255,4.1762
3425600773523563904,4.1818,4.192,4.1518
3426597824414830080,4.3858,4.3959,4.3507
3426597824414830080,4.3858,4.3959,4.3507
3426597824414830080,4.3858,4.3959,4.3507
3426597824414830080,4.3858,4.3959,4.3507
3426597824414830080,4.3858,4.3959,4.3507
3426597824414830080,4.3858,4.3959,4.3507
3426597824414830080,4.3858,4.3959,4.3507
3426597824414830080,4.3858,4.3959,4.3507
3426597824414830080,4.3858,4.3959,4.3507
3426597824414830080,4.3858,4.3959,4.3507
3426597824414830080,4.3858,4.3959,4.3507
3426597824414830080,4.3858,4.3959,4.3507
3426597824414830080,4.3858,4.3959,4.3507
3426597824414830080,4.3858,4.3959,4.3507
3375332716809805952,3.7372,3.7643,3.7169
3375332716809805952,3.7372,3.7643,3.7169
3375332716809805952,3.7372,3.7643,3.7169
3375332716809805952,3.7372,3.7643,3.7169
3375332716809805952,3.7372,3.7643,3.7169
3375332716809805952,3.7372,3.7643,3.7169
3375332716809805952,3.7372,3.7643,3.7169
3375332716809805952,3.7372,3.7643,3.7169
3375332716809805952,3.7372,3.7643,3.7169
3423624809393510912,2.383,2.4315,2.3544
3423624809393510912,2.383,2.4315,2.3544
3423624809393510912,2.383,2.4315,2.3544
3423624809393510912,2.383,2.4315,2.3544
3423624809393510912,2.383,2.4315,2.3544
3423624809393510912,2.383,2.4315,2.3544
3423624809393510912,2.383,2.4315,2.3544
3423624809393510912,2.383,2.4315,2.3544
3423624809393510912,2.383,2.4315,2.3544
3423624809393510912,2.383,2.4315,2.3544
3423624809393510912,2.383,2.4315,2.3544
3423624809393510912,2.383,2.4315,2.3544
3423624809393510912,2.383,2.4315,2.3544
3423624809393510912,2.383,2.4315,2.3544
3377123237136129024,3.4812,3.5742,3.2753
3377123237136129024,3.4812,3.5742,3.2753
3377123237136129024,3.4812,3.5742,3.2753
3377123237136129024,3.4812,3.5742,3.2753
3377123237136129024,3.4812,3.5742,3.2753
3377123237136129024,3.4812,3.5742,3.2753
3377123237136129024,3.4812,3.5742,3.2753
3377123237136129024,3.4812,3.5742,3.2753
3377123237136129024,3.4812,3.5742,3.2753
3377123237136129024,3.4812,3.5742,3.2753
3424633856126040064,3.7747,3.8581,3.7331
3375318869835308928,3.5428,3.5821,3.4999
3375318869835308928,3.5428,3.5821,3.4999
3375318869835308928,3.5428,3.5821,3.4999
3375318869835308928,3.5428,3.5821,3.4999
3375318869835308928,3.5428,3.5821,3.4999
3375318869835308928,3.5428,3.5821,3.4999
3375315605660082816,4.0531,4.0762,3.963
3375315605660082816,4.0531,4.0762,3.963
3375315605660082816,4.0531,4.0762,3.963
3375315605660082816,4.0531,4.0762,3.963
3375315605660082816,4.0531,4.0762,3.963
3423624809393510912,2.383,2.4315,2.3544
3423624809393510912,2.383,2.4315,2.3544
3423624809393510912,2.383,2.4315,2.3544
3423624809393510912,2.383,2.4315,2.3544
3423624809393510912,2.383,2.4315,2.3544
3423624809393510912,2.383,2.4315,2.3544
3423624809393510912,2.383,2.4315,2.3544
3423624809393510912,2.383,2.4315,2.3544
3423624809393510912,2.383,2.4315,2.3544
3423624809393510912,2.383,2.4315,2.3544
3423624809393510912,2.383,2.4315,2.3544
3423624809393510912,2.383,2.4315,2.3544
3423624809393510912,2.383,2.4315,2.3544
3423624809393510912,2.383,2.4315,2.3544
3376977929802701440,3.8268,3.8586,3.7754
3376977929802701440,3.8268,3.8586,3.7754
3376977929802701440,3.8268,3.8586,3.7754
3376977929802701440,3.8268,3.8586,3.7754
3377123237136129024,3.4812,3.5742,3.2753
3377123237136129024,3.4812,3.5742,3.2753
3377123237136129024,3.4812,3.5742,3.2753
3377123237136129024,3.4812,3.5742,3.2753
3377123237136129024,3.4812,3.5742,3.2753
3377123237136129024,3.4812,3.5742,3.2753
3377123237136129024,3.4812,3.5742,3.2753
3377123237136129024,3.4812,3.5742,3.2753
3377123237136129024,3.4812,3.5742,3.2753
3377123237136129024,3.4812,3.5742,3.2753
3426597824414830080,4.3858,4.3959,4.3507
3426597824414830080,4.3858,4.3959,4.3507
3426597824414830080,4.3858,4.3959,4.3507
3426597824414830080,4.3858,4.3959,4.3507
3426597824414830080,4.3858,4.3959,4.3507
3426597824414830080,4.3858,4.3959,4.3507
3426597824414830080,4.3858,4.3959,4.3507
3426597824414830080,4.3858,4.3959,4.3507
3426597824414830080,4.3858,4.3959,4.3507
3426597824414830080,4.3858,4.3959,4.3507
3426597824414830080,4.3858,4.3959,4.3507
3426597824414830080,4.3858,4.3959,4.3507
3426597824414830080,4.3858,4.3959,4.3507
3426597824414830080,4.3858,4.3959,4.3507
3375332716809805952,3.7372,3.7643,3.7169
3375332716809805952,3.7372,3.7643,3.7169
3375332716809805952,3.7372,3.7643,3.7169
3375332716809805952,3.7372,3.7643,3.7169
3375332716809805952,3.7372,3.7643,3.7169
3375332716809805952,3.7372,3.7643,3.7169
3375332716809805952,3.7372,3.7643,3.7169
3375332716809805952,3.7372,3.7643,3.7169
3375332716809805952,3.7372,3.7643,3.7169
3375318869835308928,3.5428,3.5821,3.4999
3375318869835308928,3.5428,3.5821,3.4999
3375318869835308928,3.5428,3.5821,3.4999
3375318869835308928,3.5428,3.5821,3.4999
3375318869835308928,3.5428,3.5821,3.4999
3375318869835308928,3.5428,3.5821,3.4999
3375315605660082816,4.0531,4.0762,3.963
3375315605660082816,4.0531,4.0762,3.963
3375315605660082816,4.0531,4.0762,3.963
3375315605660082816,4.0531,4.0762,3.963
3375315605660082816,4.0531,4.0762,3.963
3423624809393510912,2.383,2.4315,2.3544
3423624809393510912,2.383,2.4315,2.3544
3423624809393510912,2.383,2.4315,2.3544
3423624809393510912,2.383,2.4315,2.3544
3423624809393510912,2.383,2.4315,2.3544
3423624809393510912,2.383,2.4315,2.3544
3423624809393510912,2.383,2.4315,2.3544
3423624809393510912,2.383,2.4315,2.3544
3423624809393510912,2.383,2.4315,2.3544
3423624809393510912,2.383,2.4315,2.3544
3423624809393510912,2.383,2.4315,2.3544
3423624809393510912,2.383,2.4315,2.3544
3423624809393510912,2.383,2.4315,2.3544
3423624809393510912,2.383,2.4315,2.3544
3376977929802701440,3.8268,3.8586,3.7754
3376977929802701440,3.8268,3.8586,3.7754
3376977929802701440,3.8268,3.8586,3.7754
3376977929802701440,3.8268,3.8586,3.7754
3377123237136129024,3.4812,3.5742,3.2753
3377123237136129024,3.4812,3.5742,3.2753
3377123237136129024,3.4812,3.5742,3.2753
3377123237136129024,3.4812,3.5742,3.2753
3377123237136129024,3.4812,3.5742,3.2753
3377123237136129024,3.4812,3.5742,3.2753
3377123237136129024,3.4812,3.5742,3.2753
3377123237136129024,3.4812,3.5742,3.2753
3377123237136129024,3.4812,3.5742,3.2753
3377123237136129024,3.4812,3.5742,3.2753
3426597824414830080,4.3858,4.3959,4.3507
3426597824414830080,4.3858,4.3959,4.3507
3426597824414830080,4.3858,4.3959,4.3507
3426597824414830080,4.3858,4.3959,4.3507
3426597824414830080,4.3858,4.3959,4.3507
3426597824414830080,4.3858,4.3959,4.3507
3426597824414830080,4.3858,4.3959,4.3507
3426597824414830080,4.3858,4.3959,4.3507
3426597824414830080,4.3858,4.3959,4.3507
3426597824414830080,4.3858,4.3959,4.3507
3426597824414830080,4.3858,4.3959,4.3507
3426597824414830080,4.3858,4.3959,4.3507
3426597824414830080,4.3858,4.3959,4.3507
3426597824414830080,4.3858,4.3959,4.3507
3423624809393510912,2.383,2.4315,2.3544
3423624809393510912,2.383,2.4315,2.3544
3423624809393510912,2.383,2.4315,2.3544
3423624809393510912,2.383,2.4315,2.3544
3423624809393510912,2.383,2.4315,2.3544
3423624809393510912,2.383,2.4315,2.3544
3423624809393510912,2.383,2.4315,2.3544
3423624809393510912,2.383,2.4315,2.3544
3423624809393510912,2.383,2.4315,2.3544
3423624809393510912,2.383,2.4315,2.3544
3423624809393510912,2.383,2.4315,2.3544
3423624809393510912,2.383,2.4315,2.3544
3423624809393510912,2.383,2.4315,2.3544
3423624809393510912,2.383,2.4315,2.3544
3377123237136129024,3.4812,3.5742,3.2753
3377123237136129024,3.4812,3.5742,3.2753
3377123237136129024,3.4812,3.5742,3.2753
3377123237136129024,3.4812,3.5742,3.2753
3377123237136129024,3.4812,3.5742,3.2753
3377123237136129024,3.4812,3.5742,3.2753
3377123237136129024,3.4812,3.5742,3.2753
3377123237136129024,3.4812,3.5742,3.2753
3377123237136129024,3.4812,3.5742,3.2753
3377123237136129024,3.4812,3.5742,3.2753
3426597824414830080,4.3858,4.3959,4.3507
3426597824414830080,4.3858,4.3959,4.3507
3426597824414830080,4.3858,4.3959,4.3507
3426597824414830080,4.3858,4.3959,4.3507
3426597824414830080,4.3858,4.3959,4.3507
3426597824414830080,4.3858,4.3959,4.3507
3426597824414830080,4.3858,4.3959,4.3507
3426597824414830080,4.3858,4.3959,4.3507
3426597824414830080,4.3858,4.3959,4.3507
3426597824414830080,4.3858,4.3959,4.3507
3426597824414830080,4.3858,4.3959,4.3507
3426597824414830080,4.3858,4.3959,4.3507
3426597824414830080,4.3858,4.3959,4.3507
3426597824414830080,4.3858,4.3959,4.3507
3377567027517095936,3.5659,3.5766,3.5473
3377567027517095936,3.5659,3.5766,3.5473
3377567027517095936,3.5659,3.5766,3.5473
3375315605660082816,4.0531,4.0762,3.963
3375315605660082816,4.0531,4.0762,3.963
3375315605660082816,4.0531,4.0762,3.963
3375315605660082816,4.0531,4.0762,3.963
3375315605660082816,4.0531,4.0762,3.963
3423624809393510912,2.383,2.4315,2.3544
3423624809393510912,2.383,2.4315,2.3544
3423624809393510912,2.383,2.4315,2.3544
3423624809393510912,2.383,2.4315,2.3544
3423624809393510912,2.383,2.4315,2.3544
3423624809393510912,2.383,2.4315,2.3544
3423624809393510912,2.383,2.4315,2.3544
3423624809393510912,2.383,2.4315,2.3544
3423624809393510912,2.383,2.4315,2.3544
3423624809393510912,2.383,2.4315,2.3544
3423624809393510912,2.383,2.4315,2.3544
3423624809393510912,2.383,2.4315,2.3544
3423624809393510912,2.383,2.4315,2.3544
3423624809393510912,2.383,2.4315,2.3544
3377567027517095936,3.5659,3.5766,3.5473
3377567027517095936,3.5659,3.5766,3.5473
3377567027517095936,3.5659,3.5766,3.5473
3426597824414830080,4.3858,4.3959,4.3507
3426597824414830080,4.3858,4.3959,4.3507
3426597824414830080,4.3858,4.3959,4.3507
3426597824414830080,4.3858,4.3959,4.3507
3426597824414830080,4.3858,4.3959,4.3507
3426597824414830080,4.3858,4.3959,4.3507
3426597824414830080,4.3858,4.3959,4.3507
3426597824414830080,4.3858,4.3959,4.3507
3426597824414830080,4.3858,4.3959,4.3507
3426597824414830080,4.3858,4.3959,4.3507
3426597824414830080,4.3858,4.3959,4.3507
3426597824414830080,4.3858,4.3959,4.3507
3426597824414830080,4.3858,4.3959,4.3507
3426597824414830080,4.3858,4.3959,4.3507
3426597824414830080,4.3858,4.3959,4.3507
3426597824414830080,4.3858,4.3959,4.3507
3426597824414830080,4.3858,4.3959,4.3507
3426597824414830080,4.3858,4.3959,4.3507
3426597824414830080,4.3858,4.3959,4.3507
3426597824414830080,4.3858,4.3959,4.3507
3426597824414830080,4.3858,4.3959,4.3507
3426597824414830080,4.3858,4.3959,4.3507
3426597824414830080,4.3858,4.3959,4.3507
3426597824414830080,4.3858,4.3959,4.3507
3426597824414830080,4.3858,4.3959,4.3507
3426597824414830080,4.3858,4.3959,4.3507
3426597824414830080,4.3858,4.3959,4.3507
3426597824414830080,4.3858,4.3959,4.3507
3375315605660082816,4.0531,4.0762,3.963
3375315605660082816,4.0531,4.0762,3.963
3375315605660082816,4.0531,4.0762,3.963
3375315605660082816,4.0531,4.0762,3.963
3375315605660082816,4.0531,4.0762,3.963
3423624809393510912,2.383,2.4315,2.3544
3423624809393510912,2.383,2.4315,2.3544
3423624809393510912,2.383,2.4315,2.3544
3423624809393510912,2.383,2.4315,2.3544
3423624809393510912,2.383,2.4315,2.3544
3423624809393510912,2.383,2.4315,2.3544
3423624809393510912,2.383,2.4315,2.3544
3423624809393510912,2.383,2.4315,2.3544
3423624809393510912,2.383,2.4315,2.3544
3423624809393510912,2.383,2.4315,2.3544
3423624809393510912,2.383,2.4315,2.3544
3423624809393510912,2.383,2.4315,2.3544
3423624809393510912,2.383,2.4315,2.3544
3423624809393510912,2.383,2.4315,2.3544
3377123237136129024,3.4812,3.5742,3.2753
3377123237136129024,3.4812,3.5742,3.2753
3377123237136129024,3.4812,3.5742,3.2753
3377123237136129024,3.4812,3.5742,3.2753
3377123237136129024,3.4812,3.5742,3.2753
3377123237136129024,3.4812,3.5742,3.2753
3377123237136129024,3.4812,3.5742,3.2753
3377123237136129024,3.4812,3.5742,3.2753
3377123237136129024,3.4812,3.5742,3.2753
3377123237136129024,3.4812,3.5742,3.2753
3426597824414830080,4.3858,4.3959,4.3507
3426597824414830080,4.3858,4.3959,4.3507
3426597824414830080,4.3858,4.3959,4.3507
3426597824414830080,4.3858,4.3959,4.3507
3426597824414830080,4.3858,4.3959,4.3507
3426597824414830080,4.3858,4.3959,4.3507
3426597824414830080,4.3858,4.3959,4.3507
3426597824414830080,4.3858,4.3959,4.3507
3426597824414830080,4.3858,4.3959,4.3507
3426597824414830080,4.3858,4.3959,4.3507
3426597824414830080,4.3858,4.3959,4.3507
3426597824414830080,4.3858,4.3959,4.3507
3426597824414830080,4.3858,4.3959,4.3507
3426597824414830080,4.3858,4.3959,4.3507
3425372758003035648,4.1169,4.1505,4.0655
3425372758003035648,4.1169,4.1505,4.0655
3423624809393510912,2.383,2.4315,2.3544
3423624809393510912,2.383,2.4315,2.3544
3423624809393510912,2.383,2.4315,2.3544
3423624809393510912,2.383,2.4315,2.3544
3423624809393510912,2.383,2.4315,2.3544
3423624809393510912,2.383,2.4315,2.3544
3423624809393510912,2.383,2.4315,2.3544
3423624809393510912,2.383,2.4315,2.3544
3423624809393510912,2.383,2.4315,2.3544
3423624809393510912,2.383,2.4315,2.3544
3423624809393510912,2.383,2.4315,2.3544
3423624809393510912,2.383,2.4315,2.3544
3423624809393510912,2.383,2.4315,2.3544
3423624809393510912,2.383,2.4315,2.3544
3425372758003035648,4.1169,4.1505,4.0655
3425372758003035648,4.1169,4.1505,4.0655
3426118540422838272,3.412,3.4268,3.3893
3426118540422838272,3.412,3.4268,3.3893
3426118540422838272,3.412,3.4268,3.3893
3426118540422838272,3.412,3.4268,3.3893
3377123237136129024,3.4812,3.5742,3.2753
3377123237136129024,3.4812,3.5742,3.2753
3377123237136129024,3.4812,3.5742,3.2753
3377123237136129024,3.4812,3.5742,3.2753
3377123237136129024,3.4812,3.5742,3.2753
3377123237136129024,3.4812,3.5742,3.2753
3377123237136129024,3.4812,3.5742,3.2753
3377123237136129024,3.4812,3.5742,3.2753
3377123237136129024,3.4812,3.5742,3.2753
3377123237136129024,3.4812,3.5742,3.2753
3373932828052417536,4.2423,4.2545,4.2178
3375577250771239040,4.189,4.1923,4.1851
3375342028298831360,4.2407,4.2564,4.2172
3375315605660082816,4.0531,4.0762,3.963
3375315605660082816,4.0531,4.0762,3.963
3375315605660082816,4.0531,4.0762,3.963
3375315605660082816,4.0531,4.0762,3.963
3375315605660082816,4.0531,4.0762,3.963
3423624809393510912,2.383,2.4315,2.3544
3423624809393510912,2.383,2.4315,2.3544
3423624809393510912,2.383,2.4315,2.3544
3423624809393510912,2.383,2.4315,2.3544
3423624809393510912,2.383,2.4315,2.3544
3423624809393510912,2.383,2.4315,2.3544
3423624809393510912,2.383,2.4315,2.3544
3423624809393510912,2.383,2.4315,2.3544
3423624809393510912,2.383,2.4315,2.3544
3423624809393510912,2.383,2.4315,2.3544
3423624809393510912,2.383,2.4315,2.3544
3423624809393510912,2.383,2.4315,2.3544
3423624809393510912,2.383,2.4315,2.3544
3423624809393510912,2.383,2.4315,2.3544
3426597824414830080,4.3858,4.3959,4.3507
3426597824414830080,4.3858,4.3959,4.3507
3426597824414830080,4.3858,4.3959,4.3507
3426597824414830080,4.3858,4.3959,4.3507
3426597824414830080,4.3858,4.3959,4.3507
3426597824414830080,4.3858,4.3959,4.3507
3426597824414830080,4.3858,4.3959,4.3507
3426597824414830080,4.3858,4.3959,4.3507
3426597824414830080,4.3858,4.3959,4.3507
3426597824414830080,4.3858,4.3959,4.3507
3426597824414830080,4.3858,4.3959,4.3507
3426597824414830080,4.3858,4.3959,4.3507
3426597824414830080,4.3858,4.3959,4.3507
3426597824414830080,4.3858,4.3959,4.3507
4583546526576047616,4.3196,4.3311,4.314
4481336887734126080,4.0765,4.0877,4.0281
4497132544795411968,2.703,2.7587,2.6847
4527246519011594496,4.1423,4.1476,4.137
786257505143361024,4.39,4.3968,4.3812
4178473699744561664,2.6518,2.6743,2.6311
2110953649775905664,3.872,3.8818,3.8602
4271313369219753344,4.0056,4.0889,3.8013
4269492818480749440,3.7606,3.7657,3.7555
4269693994754886528,3.756,3.7715,3.7103
2030026359862404992,4.5235,4.5254,4.5217
2033945985706865408,3.8416,3.8684,3.8191
2029909334901730944,3.91,3.916,3.9036
2054995895278181376,4.1823,4.1944,4.1702
2055089388138875648,4.2783,4.2833,4.2732
2033961962986303360,4.2376,4.2473,4.1841
2127920827881544064,4.1265,4.1352,4.1182
2132778440192709632,4.2567,4.27,4.2325
1826992849106321152,4.0899,4.1261,4.0333
1864288455298349440,4.2068,4.2141,4.2015
1864282992100388992,3.8504,3.8887,3.8318
2116907814478810880,2.7544,2.8613,2.6913
4477196711055336448,3.7248,3.7389,3.71
2076688572496676736,2.7067,2.7197,2.6871
4497512013750719104,4.2081,4.2293,4.1942
2051693786974788352,4.1732,4.1937,4.1511
2052521066394025344,4.0777,4.0863,4.068
2099783814231690624,4.0963,4.1019,4.0903
2101283067056135296,4.1612,4.1711,4.1442
2099784432707010176,1.3984,1.4192,1.3506
2127399938547762176,4.1938,4.2005,4.1869
2128877853974822272,4.2774,4.2812,4.274
2131094774353071104,4.0532,4.0665,3.995
2066385358259245824,3.7673,3.7766,3.7572
2126908559930667648,4.0635,4.0912,4.0399
2127119391283756800,3.694,3.7038,3.6775
2107170672642925824,4.321,4.3304,4.3152
2106764025139351296,4.1729,4.1756,4.1701
2106764025139351296,4.1729,4.1756,4.1701
2105953964247667584,2.8446,2.8458,2.8434
2102908282679379840,4.1126,4.1178,4.1077
2103137221615964032,2.8377,2.8636,2.8127
2106271242071963776,4.0278,4.0394,4.0151
2105986331121461632,2.3906,2.4145,2.3517
2106764025139351296,4.1729,4.1756,4.1701
2106764025139351296,4.1729,4.1756,4.1701
3425424508065853056,4.0522,4.0571,4.0461
3425424508065853056,4.0522,4.0571,4.0461
3424590769014432768,4.2889,4.3148,4.2407
3426147436962198784,4.1014,4.1128,4.0892
3426147436962198784,4.1014,4.1128,4.0892
1935272990396708992,4.3261,4.3303,4.3219
1936331034123973248,4.1045,4.1092,4.0995
3425699076735178368,4.0432,4.0888,3.9033
3425424508065853056,4.0522,4.0571,4.0461
3425424508065853056,4.0522,4.0571,4.0461
3330315034278645632,2.5451,2.6075,2.4609
3426147436962198784,4.1014,4.1128,4.0892
3426147436962198784,4.1014,4.1128,4.0892
3328357005929061632,4.2664,4.2693,4.2611
3325880012389818112,3.6858,3.6998,3.6731
3852940050853819520,3.906,3.9167,3.8944
940984732775413376,4.1048,4.1184,4.0265
3344163275850961536,1.9617,2.0719,1.8884
1784940819981453952,3.0556,3.1271,2.9935
1783530936835628672,2.2527,2.2552,2.2491
3370072099128358656,3.4573,3.4715,3.4399
3370572651799713152,2.7244,2.7512,2.705
3371324859488105472,2.0917,2.1134,2.0424
3373880326372125952,4.1092,4.1241,4.0911
3358134980561835648,2.7137,2.7394,2.6745
3102190934427730304,3.6865,3.6959,3.6772
3425262982935587840,4.4069,4.4133,4.3985
3383049085115175552,1.9037,1.9122,1.8727
3371469028653436672,2.3242,2.352,2.2604
3375451287968569088,4.1824,4.201,4.1405
3376378695965822976,4.3598,4.3755,4.3499
1947477157150748800,1.9368,2.0243,1.8824
3436572830119099264,4.4159,4.4503,4.3727
3140403017942495104,2.9097,2.9184,2.8633
3152723183171494016,4.1945,4.2138,4.151
3383252666565004544,4.1745,4.186,4.152
3383252666565004544,4.1745,4.186,4.152
603140509327053568,4.2053,4.2474,4.0425
603140509327053568,4.2053,4.2474,4.0425
603140509327053568,4.2053,4.2474,4.0425
603140509327053568,4.2053,4.2474,4.0425
3378806928737053056,3.9963,4.0136,3.9827
3375780626060846080,2.5215,2.602,2.5032
980179951483447680,4.3746,4.38,4.3695
980378546474296704,3.9714,3.9808,3.9664
603085739904178816,4.0421,4.0572,4.0341
603085739904178816,4.0421,4.0572,4.0341
1375054056356336128,4.2365,4.2397,4.2331
3383252666565004544,4.1745,4.186,4.152
3383252666565004544,4.1745,4.186,4.152
3137979629893540224,4.264,4.2822,4.2377
3379367958844176896,4.2958,4.3,4.2913
3384550055926065920,2.7252,2.7351,2.7164
3383098876674928896,3.9871,3.9996,3.9254
603085739904178816,4.0421,4.0572,4.0341
603085739904178816,4.0421,4.0572,4.0341
3140492456344220544,3.1232,3.1467,3.0966
1341799048000581376,4.0685,4.0737,4.0638
4270497428506066944,3.8783,3.9003,3.861
